Vorname,Nachname,Straße,Hausnummer,PLZ,Ort,Email,Telefonnummer,Mitgliedsnummer
Heinz-Wilhelm,Finke-Flantz,Wilmsstraße,1/1,02795,Cottbus,andrzej26@example.org,0324632401,MGN49250
Josip,Bruder,Theobald-Wohlgemut-Allee,54,90441,Grevesmühlen,scheibegerda@example.net,+49(0)8569920914,MGN18289
Alexandre,Kreusel,Frithjof-Söding-Straße,6/0,11754,Pasewalk,almuthwagenknecht@example.org,09633358003,MGN87836
Mirjam,Löwer-Martin,Marina-Jacobi Jäckel-Ring,98,72183,Göppingen,muehleljiljana@example.net,02247 593780,MGN75451
Dipl.-Ing.,Ayten Hübel,Weinhagestraße,317,04688,Querfurt,gertzlioba@example.org,00077628407,MGN11866
Ehrhard,Pergande,Hertrampfweg,0/9,62391,Grevenbroich,zbigniew72@example.com,+49(0)0460021370,MGN85519
Ilhan,Renner-Dippel,Toni-Werner-Gasse,932,18748,Wunsiedel,annemarieweiss@example.com,0349722616,MGN01517
Ing.,Thoralf Langern,Hubert-Barth-Ring,72,91346,Lübz,miesclemens@example.org,05304 349116,MGN92360
Giesela,Trapp,Marisa-Förster-Ring,03,82155,Marktheidenfeld,centaschleich@example.net,0575198215,MGN36324
Rotraut,Hermighausen,Ullrichstraße,40,23029,Erfurt,gkuehnert@example.org,+49(0)5931931132,MGN49665
Carola,Gieß,Sandor-Scheuermann-Platz,551,72014,Kelheim,hans-joachim39@example.net,+49(0)5409215980,MGN03014
Helga,Gerlach,Aleksandra-Bolnbach-Platz,9/9,14245,Neustrelitz,anicaroehrdanz@example.net,0445357930,MGN68026
Olga,Segebahn,Gutestr.,2,10069,Brand,junkeneckhart@example.net,(06463) 194269,MGN13633
Hanife,Trüb,Stiffelgasse,1/0,30778,Wunsiedel,mikesiering@example.net,08787 80230,MGN34557
Elisabet,Krein,Kambsplatz,015,15910,Niesky,sauerandrei@example.com,+49 (0) 0457 777759,MGN53277
Univ.Prof.,Cordula Förster B.Sc.,Zirmeweg,4,69984,Wiedenbrück,bonbachfred@example.net,+49(0) 622383792,MGN16737
Heidrun,Juncken,Gnatzstraße,19,59859,Gießen,kneureuther@example.net,04383990605,MGN62334
Elvira,Scheuermann B.A.,Slavica-Rörricht-Ring,769,98098,Wittenberg,daniele68@example.net,+49 (0) 4005 098837,MGN74988
Carlos,Hendriks,Preißweg,7/5,16499,Amberg,valeriekoehler@example.com,08214242085,MGN30878
Jan,Weinhage,Eigenwilligring,8,55189,Schweinfurt,ueberhardt@example.org,+49(0) 996782300,MGN18593
Friedhold,Steinberg B.Sc.,Sorgatzgasse,222,12369,Hoyerswerda,burkhardkarz@example.org,+49(0)9698 964439,MGN40138
Bela,Staude,Ruppersbergerstr.,62,03422,Gunzenhausen,rosmarienoack@example.org,+49(0) 572169550,MGN12834
Lambert,Müller-Bolnbach,Theodoros-Fischer-Ring,5/4,41377,Schwäbisch Gmünd,gloriafranke@example.com,07600 79290,MGN65359
Dr.,Klaus-Peter Haering,Igor-Hecker-Straße,0/1,98718,Gelnhausen,mehmetwaehner@example.net,+49(0)6668 808306,MGN34669
Ing.,Bernhardine Nohlmans,Nevenka-Hübel-Straße,8/7,27926,Bitterfeld,vgeissler@example.org,+49(0) 819314375,MGN38696
Slavica,Radisch,Ditschleringasse,8,38496,Ebermannstadt,ralf-dieterschleich@example.com,+49(0)8311 70727,MGN79994
Dipl.-Ing.,Hildburg Beckmann B.A.,Alexandros-Reuter-Platz,6,20118,Schongau,ebertmarzena@example.com,04208739210,MGN73189
Esther,Hartung B.Eng.,Steckelstraße,773,39192,Kitzingen,hkoch@example.org,(04640) 08929,MGN45829
Willibald,Trub,Losekannring,097,81784,Einbeck,igorheydrich@example.net,02055389234,MGN73246
Nina,Käster,Buchholzstr.,02,54019,Rothenburg ob der Tauber,hauffermeik@example.net,+49(0)7812 002046,MGN98669
Berndt,Schaaf,Kühnertstr.,3/6,14451,Fürstenwalde,annelene88@example.net,(00074) 27237,MGN06321
Florian,Junk,Natalie-Thies-Gasse,1,98073,Cloppenburg,wbonbach@example.org,+49 (0) 5473 778464,MGN85968
Dipl.-Ing.,Susana Gutknecht,Filippo-Gieß-Ring,9,72751,Riesa,miguelaumann@example.org,04194 464396,MGN18571
Svea,Eimer,Elif-Beer-Straße,9,50735,Tirschenreuth,raedellorenzo@example.org,09098235334,MGN46257
Margita,Walter,Tobias-Lorch-Ring,1/0,93872,Moers,zahnrupert@example.com,01574055592,MGN55684
Dipl.-Ing.,Lilly Keudel,Ulf-Schacht-Ring,001,76644,Sankt Goar,hiltrud59@example.net,+49(0)2023 210120,MGN78926
Prof.,Tomislav Stolze B.Eng.,Hahnstr.,56,15451,Donaueschingen,simonaklapp@example.org,+49(0)7764 95871,MGN87544
Anastasia,Hahn,Mark-Hauffer-Straße,1/8,36914,Stadtsteinach,pieperludger@example.com,+49(0) 949748190,MGN62749
Dipl.-Ing.,Franca Zobel MBA.,Ruppersbergerstraße,914,00159,Wittstock,andyschaefer@example.com,0350531379,MGN77420
Simone,Wilmsen-Eimer,Elisabet-Sauer-Straße,2,70013,Stollberg,rose-marie82@example.com,+49 (0) 0585 892523,MGN33860
Lena,Karge,Biggenring,3,66192,Pegnitz,rhuhn@example.org,01009 572656,MGN59835
Mia,Benthin,Bruni-Döring-Straße,1,17443,Strasburg,rosi30@example.net,(08768) 122713,MGN84024
Hans-Dietrich,Dietz,Wagnerring,8/3,68530,Hamburg,hofmannmarten@example.net,0006272875,MGN01113
Dipl.-Ing.,William Conradi B.Sc.,Nikola-Schacht-Gasse,067,37365,Freudenstadt,phermighausen@example.org,+49(0)2809951751,MGN55167
Frau,Dolores Lindau,Winklerallee,15,54668,Calw,gorlitzcemil@example.com,+49(0)7857019637,MGN02440
Dorothe,Klapp B.Eng.,Rohlederallee,0,33822,Fallingbostel,lilianeboerner@example.net,09333 273132,MGN00662
Zdenka,Keudel,Antoinette-Henk-Weg,174,97174,Wertingen,hartmannfrederik@example.com,+49(0)2974428948,MGN75350
Mandy,Käster-Zahn,Mijo-Dietz-Ring,3,61836,Arnstadt,fschaefer@example.net,(04469) 32243,MGN21519
Dipl.-Ing.,Gitte Christoph B.Eng.,Salzgasse,564,87229,Backnang,gumprichcarin@example.com,+49(0)0613 54612,MGN20934
Nick,Faust,Martinstr.,4/2,57418,Göppingen,wulf21@example.org,(07386) 011818,MGN36638
Betti,Gude B.Eng.,Harald-Vollbrecht-Ring,40,79175,Steinfurt,christophhans-josef@example.com,(03691) 94181,MGN30575
Dorothea,Gutknecht,Döringring,0/0,87131,Dieburg,erkan74@example.net,07610 50251,MGN86510
Sven,Salz,Eckhart-van der Dussen-Allee,292,03617,Bad Kreuznach,anaseip@example.net,+49(0)3560301256,MGN18199
Ing.,Iris Lübs,Schottinring,8,18902,Warendorf,irareinhardt@example.com,(06020) 800682,MGN94452
Gitta,Gehringer-Johann,Mercedes-Fröhlich-Platz,88,40757,Fürstenwalde,brita48@example.org,(09554) 29258,MGN59543
Stephanie,Pruschke,Gorlitzallee,4,22891,Meppen,njopich@example.org,0697033823,MGN07568
Zdravko,Barth,Gesine-Vollbrecht-Allee,4/6,31215,Döbeln,ezirme@example.net,+49 (0) 3843 297782,MGN49003
Aneta,Hering B.A.,Angelina-Keudel-Allee,6,03580,Reutlingen,melissa22@example.net,(06971) 70997,MGN96757
Karen,Pruschke,Isidor-Zimmer-Gasse,389,38910,Lobenstein,marika73@example.org,08672 48812,MGN45357
Dr.,Marie Vollbrecht,Reza-Freudenberger-Gasse,752,52298,Ravensburg,tmisicher@example.net,+49(0) 019289536,MGN20260
Heini,Pruschke B.Eng.,Holtstr.,73,27381,Delitzsch,sieghardschmidt@example.net,0891556363,MGN98052
Juan,Winkler,Losekannstr.,6,08048,Neu-Ulm,jwagenknecht@example.org,+49 (0) 8513 782688,MGN06736
Frau,Frederike Bachmann B.A.,Hofmannplatz,774,06789,Grimma,lina17@example.net,+49(0)8810 63855,MGN92809
Prof.,Giuseppina Eigenwillig,Gorlitzgasse,03,25303,Neubrandenburg,xdowerg@example.com,03598 25410,MGN77509
Sigismund,Henschel-Käster,Briemerplatz,528,10113,Lobenstein,reinholdfoerster@example.com,(07214) 00717,MGN97354
Isidor,Scheuermann,Agata-Birnbaum-Allee,964,00610,Wunsiedel,bolanderwalther@example.org,+49(0) 714040841,MGN81357
Marija,Kühnert-Schönland,Weihmannplatz,8/2,23696,Demmin,wiekgerti@example.net,+49(0)4947962331,MGN14308
Katy,Döring MBA.,Nettestr.,2/8,24626,Heiligenstadt,wirthrainer@example.org,09979100282,MGN56652
Calogero,Holsten,Klingelhöferstraße,4/3,14187,Wismar,urselmies@example.net,+49(0)7040943998,MGN29090
Denis,Wilms-Hermann,Bruderring,3/8,03332,Aachen,ronaldroerricht@example.net,+49(0)6741298796,MGN47326
Leonhard,Scholtz,Karzgasse,87,25409,Sondershausen,nickpaffrath@example.org,(07908) 95834,MGN31497
Adelheid,Kobelt,Hartmannweg,7/9,22196,Haldensleben,hillerwera@example.net,(06784) 655677,MGN50083
Leopold,Gieß B.Sc.,Ringstr.,64,99248,Stollberg,susinerger@example.org,+49(0)3021 554623,MGN15219
Vito,Steinberg,Gundolf-Gutknecht-Platz,2,76383,Kötzting,mkoester@example.org,(02040) 31315,MGN52434
Gitte,Seifert,Geert-Briemer-Straße,00,81800,Rudolstadt,whaering@example.net,+49 (0) 6207 001994,MGN13240
Ladislaus,Hellwig,Niemeierplatz,5/0,11332,Uelzen,simonahenk@example.net,+49(0)4172067887,MGN13329
Frau,Gesa Gieß,Huhnplatz,59,41616,Bruchsal,lsuessebier@example.org,(02680) 191655,MGN80086
Herr,Ernest Römer B.Eng.,Henschelstr.,7/8,94436,Dessau,wulffgrete@example.net,0342875279,MGN73998
Lucia,Ruppert-Lachmann,Flantzstraße,4/2,01753,Tübingen,silvana04@example.org,(00636) 771283,MGN48125
Imelda,Jessel,Sigurd-Etzold-Weg,83,69988,Lübben,manuel93@example.net,+49(0)4382 11682,MGN98333
Anne-Marie,Seip-Staude,Senta-Gröttner-Straße,40,03433,Saulgau,trappcarmine@example.org,05973231986,MGN10179
Mona,Franke MBA.,Hans-Walter-Ziegert-Allee,2/9,12581,Cottbus,kata54@example.org,(09825) 579213,MGN28909
Gretchen,Wagner,Renato-Riehl-Platz,7/8,50627,Nördlingen,emil82@example.net,+49(0)7496041490,MGN38034
Ehrenfried,Sorgatz-Hecker,Krausplatz,650,99208,Grimma,erdmutebeer@example.net,+49(0)9769 32782,MGN11765
Concetta,Stolze,Margrafstr.,83,59146,Göppingen,hans-georg27@example.org,(02878) 974652,MGN70883
Swen,Hornig-Ackermann,Schmidtkestraße,508,05730,Wernigerode,cholt@example.org,+49(0) 522245494,MGN34984
Catharina,Fröhlich-Barth,Heintzering,9,73759,Euskirchen,drubinchristiana@example.org,(08153) 597876,MGN50308
Cora,Karge B.Eng.,Klingelhöferring,5/2,67162,Hofgeismar,holmeberth@example.org,07497571056,MGN43793
Maya,Albers,Wilhelm-Weinhage-Straße,2,64391,Stollberg,elfiemies@example.com,+49(0)1470 69081,MGN57372
Heinz-Wilhelm,Meyer,Corina-Preiß-Weg,1/8,35463,Uelzen,verenamohaupt@example.org,(06105) 70331,MGN58193
Univ.Prof.,Herwig Kallert B.A.,Arnold-Knappe-Allee,4/9,38591,Mittweida,schweitzerinna@example.com,+49(0) 083731878,MGN99503
Erich,Niemeier,Kevin-Bauer-Ring,28,62955,Bützow,dorisstiffel@example.org,+49(0)2798 74342,MGN49081
Frau,Edeltraut Margraf,Krausestr.,6,16257,Kusel,chess@example.com,08940456557,MGN80974
Gino,Drewes-Stumpf,Naserstr.,4,21786,Neustadt am Rübenberge,frankaschleich@example.org,07998 831459,MGN60297
Ehrentraud,Schüler,Betina-Vollbrecht-Ring,6/2,96058,Aurich,magnus61@example.org,+49(0)0019 77593,MGN56685
Prof.,Uta Steinberg B.Sc.,Pechelplatz,5/5,14920,Eutin,mahmoudscholl@example.net,+49(0)9089 30673,MGN05487
Dipl.-Ing.,Karl-Otto Mangold B.Eng.,Walterweg,5,96032,Bamberg,ahartung@example.org,(08873) 54110,MGN91550
Marit,Ehlert B.Sc.,Hans-Jochen-Johann-Weg,7,44087,Ahaus,hessemarie-therese@example.com,05142 50185,MGN48945
Hans,Jörg Siering,Mentzelstraße,199,55194,Marktheidenfeld,usontag@example.com,(09496) 695660,MGN80020
Dipl.-Ing.,Saban Atzler,Gierschnergasse,3/0,15327,Roding,schuchhardtekkehard@example.com,00752 686714,MGN97095
Janus,Dobes-Lorch,Dennis-Mude-Platz,02,41551,Chemnitz,nadeschdagotthard@example.org,0018640746,MGN00617
Univ.Prof.,Holm Gotthard B.A.,Pavel-Sontag-Weg,0,44304,Sigmaringen,bernhardine69@example.org,+49(0) 211405230,MGN12621
Herta,Säuberlich,Scheelplatz,590,68307,Calau,johankallert@example.org,+49(0)8757 214048,MGN23218
Ada,Scheuermann,Eckhard-Gierschner-Weg,4,33171,Ebern,thorsten64@example.org,08765 80872,MGN56933
Jurij,Möchlichen,Schenkring,985,68661,Hettstedt,franciscolangern@example.net,(02879) 247870,MGN31677
Urszula,Textor,Luzie-Keudel-Gasse,725,66809,Hannover,textorleni@example.org,+49(0)3222 68646,MGN01708
Klothilde,Klapp,Yasemin-Schaaf-Weg,6/4,58662,Dinslaken,hatice81@example.org,02818 649272,MGN29922
Kathy,Pieper,Friedemann-Gumprich-Platz,5,65557,Worbis,imans@example.com,+49(0) 977990489,MGN61489
Hildegunde,Johann-Jäkel,Josefa-Pechel-Allee,6/6,99364,Nabburg,christianschmidtke@example.net,04473 50313,MGN31329
Frau,Gabriela Wilmsen B.Sc.,Schleichstr.,585,41693,Rottweil,dbluemel@example.org,03275164078,MGN21755
Benita,Bohlander-Eberhardt,Wielochstr.,32,13030,Rathenow,berntweinhold@example.net,+49(0) 029889501,MGN75877
Frau,Stilla Binner,Christof-Hecker-Platz,6,30953,Pfaffenhofen an der Ilm,wieslawcaspar@example.com,+49(0)1081 49176,MGN45650
Dipl.-Ing.,Dennis Paffrath,Bruderplatz,208,17198,Badalzungen,wagenknechtjosefine@example.net,09483 405597,MGN84822
Heide,Beckmann B.A.,Maria-Theresia-Schüler-Platz,76,78913,Füssen,theuser@example.org,(05706) 51966,MGN73707
Mustafa,Steinberg-Schaaf,Mülichenplatz,8/2,74568,Görlitz,kaete43@example.com,+49(0)0171 978364,MGN71154
Sandor,Seifert,Berend-Matthäi-Weg,343,75752,Feuchtwangen,hans-martinheser@example.com,+49(0)9134 12854,MGN05623
Ansgar,Schmiedecke,Kösterstraße,35,89115,Vilsbiburg,seipfatih@example.net,+49(0)7104 42940,MGN64910
Oskar,Wohlgemut-Haase,Isabella-Schulz-Gasse,9,75009,Gunzenhausen,alexejpechel@example.org,+49(0) 913564377,MGN29911
Klaudia,Reinhardt,Marlene-Drub-Straße,25,54205,Beeskow,mentzelhans-detlef@example.net,+49(0) 240104999,MGN72751
Senta,Lehmann-Geißler,Steuerstr.,443,00939,Erfurt,reinhild84@example.net,+49 (0) 0768 647924,MGN91921
Osman,Renner,Niels-Dörr-Straße,55,65366,Cottbus,jtaesche@example.net,+49(0) 780251139,MGN68879
Udo,Dörr,Francis-Trommler-Weg,021,68746,Hünfeld,droehricht@example.net,+49(0)0561 52124,MGN37404
Dipl.-Ing.,Betty Kabus,Hendrik-Kruschwitz-Allee,14,60288,Mittweida,sgotthard@example.net,09682650705,MGN30676
Ing.,Bernhard Freudenberger,Bruni-Ehlert-Platz,3/9,48950,Haldensleben,margrafanika@example.com,(00161) 79754,MGN64123
Johannes,Sontag B.Sc.,Ina-Hermighausen-Allee,322,21597,Delitzsch,kobeltmechthilde@example.org,(09715) 70592,MGN50072
Severin,Textor MBA.,Klotzweg,8/3,97182,Bersenbrück,stiebitzvitus@example.com,0155035507,MGN43850
Gretl,Holt,Sauerstr.,67,82081,Bad Langensalza,irinajungfer@example.net,+49(0)2118 40604,MGN98513
Katharina,Scholtz,Thea-Döhn-Weg,3,63624,Kamenz,raisaschulz@example.com,+49(0)8380 26783,MGN77060
Willfried,Misicher-Bohlander,Vassilios-Carsten-Platz,2,96060,Plauen,klappjulian@example.net,09570040693,MGN13914
Frau,Kathrin Weitzel,Kaulring,4,14567,Ebersberg,bohlandermeike@example.net,07843 89376,MGN00189
Karl-Hans,Klotz,Killerplatz,3/0,34574,Witzenhausen,rbinner@example.net,+49(0)3653331270,MGN19392
Vito,Zorbach B.A.,Peukertring,33,60394,Oschatz,annemiehentschel@example.org,+49(0)2131 111091,MGN54829
Univ.Prof.,Simon Martin,Dorle-Killer-Weg,7/0,06405,Dinkelsbühl,neureuthersuekrue@example.org,+49(0) 791857086,MGN05049
Hertha,Putz B.Sc.,Trübstraße,8/6,47653,Dachau,aytenjaekel@example.net,03012215863,MGN88321
Henrike,Ernst,Sophie-Lindner-Weg,000,01663,Sangerhausen,zjuettner@example.net,06401378075,MGN55280
Ing.,Lutz Hofmann B.Eng.,Antonino-Heintze-Allee,43,26389,Hildburghausen,birgittasoelzer@example.com,+49 (0) 8438 525995,MGN36122
Frank,Pärtzelt-Sauer,Galina-Krein-Straße,9,00626,Wanzleben,xladeck@example.net,+49(0)6706 85969,MGN04396
Denis,Bruder,Hans-Willi-Weitzel-Gasse,61,80287,Schwäbisch Hall,heinznermin@example.com,09421845179,MGN06860
Harold,Stiebitz,Raissa-Kraushaar-Straße,1/0,22005,Weißenfels,hans-adolf98@example.com,09942 487377,MGN99806
Johann,Fliegner-Weimer,Reichmanngasse,4,60793,Burgdorf,elfriedegutknecht@example.com,06739 56452,MGN45256
Carolin,Kabus,Mathias-Scholtz-Gasse,601,26192,Gießen,moechlichenkarl-ludwig@example.net,03671 17604,MGN86251
Rotraut,Siering,Eduard-Dehmel-Weg,7,45775,Cuxhaven,paertzeltjurij@example.org,+49(0)5202551326,MGN68835
Theda,Jüttner-Müller,Schmiedeckeweg,7/2,04503,Kyritz,sjunitz@example.com,+49(0)4678 013701,MGN80457
Univ.Prof.,Helmtrud Caspar,Buchholzweg,7,42256,Siegen,ekkehardkeudel@example.com,(04419) 16498,MGN37460
Hardy,Schmiedecke,Birgitt-Bolander-Allee,631,39217,Vohenstrauß,lmartin@example.org,00914 990380,MGN21014
Ines,Klemt-Gunpf,Karl-August-Wilmsen-Gasse,129,55198,Quedlinburg,sorgatzadalbert@example.org,+49(0)8046 52144,MGN15040
Herr,Marek Meister MBA.,Darius-Biggen-Straße,94,35212,Berlin,theobald68@example.org,(00468) 15276,MGN64156
Sara,Bachmann B.A.,Hethurweg,6,12382,Iserlohn,alwina19@example.com,+49(0) 183504049,MGN55280
Konstantin,Caspar B.Sc.,Traude-Geißler-Allee,6/2,30984,Höxter,ingetraut06@example.org,08259 73161,MGN60286
Frank-Michael,Sager,Henckplatz,7/6,50969,Schleiz,kreinrolf@example.net,+49(0)0363319985,MGN54267
Katherina,Mosemann-Segebahn,Stiffelweg,285,15083,Dinkelsbühl,andree48@example.net,+49(0)0213 020540,MGN71019
Stephanie,Döhn,Rosemanngasse,46,48679,Schmölln,qwilmsen@example.org,0709542374,MGN70131
Dominik,Winkler,Isabelle-Heser-Weg,6,37341,Feuchtwangen,katalinzaenker@example.org,+49(0) 652081075,MGN28651
Veit,Weiß,Koch IIgasse,0/0,94380,Badibling,kriemhildwernecke@example.org,+49 (0) 7684 152385,MGN97893
Anke,Keudel,Plathplatz,334,06207,Schleiz,friedbert10@example.com,04434130236,MGN49317
Dipl.-Ing.,Nikolaos Becker B.Sc.,Evelyn-Franke-Allee,95,76244,Tecklenburg,sergejpreiss@example.com,+49(0)0816143438,MGN73268
Annegrete,Jäntsch,Christoph-Scholz-Straße,31,37292,Wolfach,foerstermiroslawa@example.net,0356008337,MGN38629
Mareen,Krein-Kabus,Hethurweg,7,22366,Sangerhausen,ottilierohleder@example.net,+49(0)1864 45583,MGN49430
Thorben,Kusch,Christos-Thanel-Gasse,24,56772,Reutlingen,anneleneschulz@example.org,01451007082,MGN80581
Vitus,Adler B.Sc.,Kruschwitzstr.,0/4,03907,Brandenburg,waehnersiegrun@example.net,+49(0)4837 14141,MGN21395
Ramona,Ullmann,Gerd-Biggen-Allee,04,49173,Bad Langensalza,sauerhanno@example.org,(08024) 142406,MGN14612
Herr,Hansjürgen Thies,Bährgasse,26,08936,Germersheim,margraffredi@example.net,+49(0)0906 364368,MGN34265
Ing.,Brit Eckbauer,Kaulring,5/7,39271,Güstrow,theodorvollbrecht@example.net,(09147) 437843,MGN74764
Leopold,Sorgatz,Löchelallee,9,03834,Warendorf,liselotte44@example.org,+49 (0) 6398 072947,MGN71907
Dr.,Marlene Staude,Leonore-Haase-Straße,20,57759,Wolfach,janin25@example.net,+49(0)3795 869435,MGN52096
Norma,Jäkel,Pieperweg,12,13232,Schwäbisch Hall,hansatzler@example.org,+49(0) 455078452,MGN89120
Dipl.-Ing.,Rebekka Martin,Bruderplatz,639,46577,Cuxhaven,peterzirme@example.net,+49(0)0236 219783,MGN64392
Jens,Hörle,Kruschwitzstr.,7,56927,Cuxhaven,kathi69@example.org,+49(0) 140049569,MGN49968
Amalia,Grein Groth,Marius-Pruschke-Straße,5/0,67071,Mittweida,aschleich@example.com,(01330) 607772,MGN94283
Prof.,Raissa Cichorius,Alfred-Klotz-Straße,7,26790,Quedlinburg,jennifer12@example.com,05122732992,MGN87016
Prof.,Hans-Rainer Schottin,Sabri-Mülichen-Weg,3,75502,Burgdorf,giesskreszenz@example.org,04010 68096,MGN64808
Dr.,Susi Gunpf,Wilma-Ladeck-Ring,1/6,31452,Strasburg,btrommler@example.com,+49(0)6807348928,MGN00651
Armin,Schulz,Bozena-Gorlitz-Ring,654,72643,Aschaffenburg,jcarsten@example.org,09970048541,MGN05971
Alicja,Christoph,Pergandestraße,0,71127,Stendal,marta75@example.com,05261229606,MGN38102
Waltraut,Hesse B.Sc.,Hardy-Hande-Straße,7,28100,Sulzbach-Rosenberg,troskoth@example.net,01646 395815,MGN29427
Ivana,Ebert,Bekir-Eimer-Straße,673,68380,Eberswalde,losekannhans-michael@example.net,0154538676,MGN85058
Univ.Prof.,Günter Graf,Hermighausengasse,884,57667,Regen,cristinafritsch@example.com,+49(0)7917116879,MGN54447
Hanna,Weitzel,Drewesgasse,65,60040,Forchheim,alexejhuhn@example.com,+49 (0) 7635 809819,MGN56674
Birgit,Gröttner,Friedl-Meister-Weg,74,36775,Sulzbach-Rosenberg,harloffilonka@example.net,+49(0)5471 06150,MGN15264
Wenzel,Davids,Alessandro-Conradi-Gasse,33,02350,Strasburg,ymitschke@example.com,04975025501,MGN18212
Dipl.-Ing.,Aneta Rogge MBA.,Cäcilie-Metz-Ring,38,01999,Eckernförde,farukheser@example.net,+49 (0) 2818 161413,MGN35659
Cindy,Hartung,Ole-Knappe-Gasse,9/9,09510,Chemnitz,wiekelke@example.com,+49(0)4625 13632,MGN97859
Univ.Prof.,Mirjana Mühle,Gülay-Vollbrecht-Weg,38,43388,Aachen,gstiebitz@example.net,+49(0) 730562725,MGN51624
Dr.,Thorsten Kobelt MBA.,Klappstraße,5,24231,Prenzlau,mattiaskoehler@example.net,+49(0)6128 595673,MGN47102
Tabea,Salz,Doreen-Vogt-Platz,126,45000,Ansbach,rosaliegehringer@example.net,+49(0)0600 413566,MGN26378
Günther,Renner,Dietzstr.,43,30624,Auerbach,aschlosser@example.org,0823083670,MGN26356
Franz-Peter,Lange-Geisler,Margrafweg,376,68185,Schrobenhausen,mielcarekklaus-juergen@example.net,+49 (0) 5328 178907,MGN84372
Eckhardt,Reichmann B.A.,Athanasios-Sontag-Allee,91,86127,Dinslaken,haeringalexandra@example.net,+49(0)1326970366,MGN95138
Univ.Prof.,Torben Nohlmans,Ruppertstr.,1/6,88809,Passau,victortrubin@example.net,+49(0)0231525905,MGN20204
Hans-Gerhard,Kaul,Loosweg,7/1,41433,Jülich,zaenkerhans-gerhard@example.net,+49(0) 284207988,MGN31611
Irmtrud,Martin,Hornigplatz,3,35689,Eisenhüttenstadt,heinulla@example.net,+49(0) 816321349,MGN73752
Attila,Wernecke,Klemmplatz,54,46229,Hettstedt,imangold@example.net,02946227193,MGN39394
Gabriella,Hesse,Eberthstraße,5,00899,Ebersberg,eminstriebitz@example.net,+49 (0) 8578 789247,MGN14230
Dipl.-Ing.,Nils Kraushaar B.Sc.,Annerose-Hellwig-Straße,330,03606,Freudenstadt,tfroehlich@example.net,(08312) 88844,MGN29595
Sieglinde,Beyer,Eberthallee,94,42514,Soltau,mdobes@example.org,+49 (0) 3489 635820,MGN08491
Torsten,Naser,Alberto-Mende-Allee,58,41810,Seelow,adelbert02@example.org,+49(0)4936 169771,MGN22565
Hans-Dietrich,Förster,Boucseinstr.,6/2,08109,Altötting,margrafekrem@example.net,+49(0)9885 563813,MGN10225
Sibille,Bauer,Erik-Jungfer-Platz,43,88097,Leipziger Land,tbaehr@example.org,+49(0)6522731490,MGN05005
Blanka,Rust,Gorlitzweg,565,31318,Bitterfeld,isabell14@example.org,+49(0) 653262935,MGN76227
David,Fischer,Eimerplatz,2,58873,Neu-Ulm,ackermannhildegunde@example.net,+49 (0) 2593 772824,MGN40903
Vassilios,Austermühle B.Eng.,Maja-Oderwald-Straße,0,90357,Belzig,mechthilde35@example.com,+49(0)2474884610,MGN77936
Prof.,Wenke Keudel,Cord-Hofmann-Gasse,0,75676,Olpe,peukertwalfried@example.com,(03689) 271850,MGN55741
Ing.,Bernfried Weimer MBA.,Hermighausenplatz,7,73553,Ravensburg,johanna48@example.com,0417705114,MGN85081
Dr.,Magrit Werner MBA.,Albersweg,093,80809,Saarbrücken,lrudolph@example.com,+49 (0) 8181 728074,MGN63302
Simone,Boucsein,Kochstr.,482,73251,Seelow,upechel@example.org,+49(0)5704977334,MGN78061
Eckehard,Berger B.Sc.,Heckerring,8/6,03841,Forchheim,haeneljoerg-peter@example.net,06254 44404,MGN50443
Univ.Prof.,Wolfhard Gute,Bergerring,66,22738,Herford,nikolaischenk@example.org,+49(0)9548 06488,MGN95969
Käte,Mosemann,Bonbachplatz,72,32408,Rastatt,fernando60@example.com,00746 779058,MGN49665
Leila,Birnbaum,Silke-Gumprich-Platz,35,98935,Husum,qschacht@example.org,05127933736,MGN70029
Mohammad,Schuster,Alexandra-Killer-Allee,190,80157,Wurzen,marie-theresekobelt@example.org,(07300) 57857,MGN01809
Sönke,Mentzel B.Sc.,Alan-Lachmann-Weg,95,02820,Neu-Ulm,wendelissy@example.com,+49(0) 625680953,MGN15961
Univ.Prof.,Danilo Kraushaar,Hoffmannstr.,0,09598,Wittenberg,heidrichlaszlo@example.org,(00491) 60855,MGN28426
Theresa,Hornich-Heser,Fiebigstr.,7/4,74676,Borken,heinrich96@example.org,(09441) 538897,MGN28279
Dipl.-Ing.,Birger Zirme B.Eng.,Seifertallee,3/8,67884,Bayreuth,beckertoni@example.com,0889835994,MGN06006
Benita,Hamann,Ariane-Holsten-Gasse,83,79403,Grevenbroich,marie-louise33@example.org,+49 (0) 8685 819279,MGN10292
Tadeusz,Dehmel,Petra-Beyer-Weg,957,80591,Wittenberg,hamannmartha@example.org,07592 42974,MGN29720
Ute,Becker B.Sc.,Dietzplatz,4,12153,Tuttlingen,vadim31@example.com,+49(0)4145368968,MGN26222
Annemie,Lindau-Seidel,Scheibeallee,05,78413,Sömmerda,giessarnim@example.org,+49(0) 785160614,MGN96241
Olivia,Reichmann,Edelbert-Schlosser-Straße,0/3,92780,Saarlouis,ikoch-ii@example.com,(02032) 38690,MGN44222
Pasquale,Hörle,Ivonne-Karz-Allee,18,37556,Neubrandenburg,knappewolfram@example.org,+49(0)0477 182510,MGN64202
Slobodan,Jessel,Benjamin-Wilmsen-Allee,5/7,38982,Suhl,berendkrebs@example.org,+49(0)4179938372,MGN23285
Dipl.-Ing.,Erica Davids,Marit-Bloch-Platz,5,10357,Rochlitz,camilla17@example.com,+49(0)2249 093372,MGN83382
Konstantinos,Gotthard-Patberg,Ursel-Hofmann-Weg,877,99374,Nordhausen,fbonbach@example.org,09122 59060,MGN38113
Ing.,Hulda Buchholz,Heckerallee,3,86042,Osterode am Harz,thieswenke@example.org,01315 990268,MGN19336
Edit,Benthin,Dörschnerallee,6/1,87389,Sankt Goar,lgiess@example.org,06027 916331,MGN18065
Celal,Eimer,Staudeplatz,9,23724,Staffelstein,eleonore79@example.org,+49 (0) 7591 396016,MGN78656
Dr.,Editha Bolzmann B.Sc.,Horst-Peter-Weitzel-Ring,119,23590,Wolfach,khaase@example.net,+49(0)1826 50618,MGN58564
Marijan,Mühle-Albers,Lachmannring,9/5,21277,Aue,franzsoelzer@example.org,+49(0) 351157367,MGN10977
Hanspeter,Ruppert B.A.,Zenon-Austermühle-Ring,22,45440,Sebnitz,jhermighausen@example.com,+49(0)3937 994423,MGN07580
Frau,Centa Juncken MBA.,Hubertus-Eberth-Gasse,7/1,51021,Wismar,kochtrudel@example.com,(06215) 31899,MGN34401
Wilhelm,Zobel B.A.,Madlen-Freudenberger-Allee,3/4,79172,Havelberg,siglinde21@example.org,02837175941,MGN79141
Natalija,Davids,Heydrichstr.,9/9,06053,Zschopau,zspiess@example.org,+49(0)2128172947,MGN61210
Lidia,Geisel,Eckbauerstr.,818,35642,Mayen,ebeckmann@example.org,+49(0)8377 61870,MGN83236
Univ.Prof.,Patricia Geisel,Susann-Hänel-Ring,977,92156,Holzminden,rudolphwolfhard@example.net,0483279627,MGN52074
Univ.Prof.,Christin Schottin,Wieland-Biggen-Weg,5/0,22166,Göttingen,ilhan43@example.com,+49(0)6583161396,MGN12148
Dipl.-Ing.,Katja Höfig B.A.,Stephanie-Briemer-Ring,1/1,79757,Zschopau,maragertz@example.net,07012 43608,MGN34625
Prof.,Leopold Kusch B.Sc.,Schollring,767,91883,Mainburg,ritabirnbaum@example.net,(08640) 978964,MGN18605
Univ.Prof.,Christin Ullmann,Birnbaumstraße,972,39645,Spremberg,fspiess@example.org,+49(0)5237875545,MGN32937
Gerda,Buchholz,Hänelgasse,52,24157,Groß-Gerau,katharinekaester@example.com,08393 104927,MGN20822
Prof.,Kunigunda Zirme,Brunhild-Putz-Weg,9/7,90751,Iserlohn,thea85@example.org,01554 88652,MGN99930
Inge,Mies B.Sc.,Krebsallee,039,49354,Kamenz,falk45@example.net,+49(0)3265186920,MGN95172
Walfried,van der Dussen B.A.,Karla-Austermühle-Straße,20,10127,Kyritz,vwiek@example.org,+49(0)5619207658,MGN25603
Janina,Eberth,Alfonso-Reinhardt-Weg,555,36476,Füssen,stefania17@example.org,(06406) 355108,MGN51400
Prof.,Larissa Schuster,Blümelplatz,7,19180,Burgdorf,lotteweinhold@example.com,0669782669,MGN71525
Alena,Kallert,Beckmannstraße,1/8,43364,Pasewalk,lkohl@example.com,+49(0)8313 65697,MGN93552
Dipl.-Ing.,Enno Hamann,Clara-Gröttner-Gasse,2/3,29082,Calw,gaetano53@example.org,04989 95577,MGN87241
Dr.,Gerhild Müller MBA.,Döhnring,4/3,61846,Demmin,ivana20@example.net,+49(0) 733249590,MGN08312
Dr.,Hans Dieter Seip,Dursun-Staude-Gasse,84,53216,Pegnitz,mariusscholz@example.org,+49(0)5509 923194,MGN48530
Univ.Prof.,Erika Ruppert B.A.,Vincent-Grein Groth-Platz,35,04285,Schwandorf,wulfedelgard@example.org,05900 71058,MGN57103
Nicole,Keudel,Gunpfallee,8,35400,Strasburg,wally82@example.net,02896 946254,MGN66989
Jeanette,Klemm,Ottokar-Schaaf-Gasse,8,74298,Badalzungen,ginoneureuther@example.net,0537269913,MGN80974
Ann-Kathrin,Junitz,Bohlanderstr.,0/4,00068,Wolfenbüttel,josefine89@example.com,+49(0)2810439088,MGN35288
Valerij,Grein Groth,Beerplatz,76,98363,Neunburg vorm Wald,juriwernecke@example.com,+49(0) 067128813,MGN34614
Else,Stadelmann,Tomas-Kraushaar-Straße,0,65988,Bützow,woderwald@example.org,+49(0)7032 86052,MGN35783
Juergen,Tintzmann,Meisterstr.,0/9,87943,Pirmasens,hoelzenbechermarten@example.org,00062 14606,MGN71783
Geza,Hentschel,Milica-Mielcarek-Platz,1,86936,Wertingen,ingewerner@example.com,+49(0)8756096026,MGN91077
Ing.,Donald Hein B.Sc.,Bachmannallee,3/8,21585,Seelow,margaretheschenk@example.com,(01744) 51998,MGN36379
Gerta,Mülichen,Ludwig-Sölzer-Weg,361,65476,Quedlinburg,hans-georgjuncken@example.com,(07756) 492650,MGN55516
Herr,Meinolf Stiebitz B.A.,Theres-Gorlitz-Platz,7/8,93001,Rothenburg ob der Tauber,drosemann@example.org,08952 86451,MGN97208
Björn,Vollbrecht,Ottoweg,295,40642,Kulmbach,austermuehleronny@example.net,+49(0)6952 574640,MGN75507
Ing.,Victoria Schönland,Vogtallee,0/9,99677,Beilngries,cetzold@example.net,+49(0)2494 910840,MGN55291
Kirstin,Seifert B.Sc.,Kathi-Kobelt-Straße,999,20136,Mellrichstadt,holger84@example.com,0405383455,MGN04093
Daniela,Wilms,Hänelplatz,9,89204,Bruchsal,hajowarmer@example.com,+49(0)6411626985,MGN33343
Nuri,Gutknecht,Rosering,94,66496,Cloppenburg,ygutknecht@example.org,(09207) 037692,MGN30676
Ulrike,Hölzenbecher,Ildiko-Schinke-Straße,78,36586,Ahaus,alicjajockel@example.com,+49(0)7038117311,MGN20721
Adolf,Schaaf,Francis-Dörr-Allee,17,73136,Eisenhüttenstadt,carin79@example.org,02245 349470,MGN71817
Edgar,Bohnbach,Priska-Klotz-Ring,96,88174,Jessen,dietrichraedel@example.com,05811 10751,MGN39046
Klaus-Peter,Ehlert,Arne-Matthäi-Weg,3,23201,Strasburg,marie-louisebinner@example.com,+49(0)5608 660055,MGN31688
Danilo,Bohlander,Klotzplatz,428,97661,Stollberg,meisterrolf-dieter@example.org,(03677) 872488,MGN24613
Gabriela,Söding B.Sc.,Oderwaldweg,8/8,09630,Bremervörde,friederikezimmer@example.org,+49(0)2171 822738,MGN03711
Fernando,Dippel,Adlerweg,31,03822,Schwäbisch Gmünd,rosenowtorben@example.net,0896881473,MGN48260
Rigo,Hornig-Bolzmann,Schenkplatz,40,33388,Gifhorn,aline71@example.net,+49(0)0702 810718,MGN13903
Urs,auch Schlauchin,Cichoriusplatz,459,61202,Soltau,amaliagehringer@example.org,+49(0)5063 39742,MGN04341
Jaqueline,Bolzmann B.Eng.,Piepergasse,6/9,52585,Bersenbrück,fthies@example.com,08812 819866,MGN14960
Joseph,Speer-Rust,Dietzweg,9/2,58112,Kulmbach,stephaniealbers@example.com,09459 31941,MGN30968
Univ.Prof.,Ilonka Hübel B.Eng.,Butteallee,15,18664,Ansbach,valerij52@example.net,0857890678,MGN15893
Sigismund,Barkholz-Heydrich,Nathalie-Steckel-Straße,8/8,53127,Jülich,elkeschulz@example.com,(04611) 18598,MGN91257
Rosita,Hande MBA.,Steckelstr.,096,73027,Garmisch-Partenkirchen,davidsgerfried@example.net,07100 76875,MGN37482
Jutta,Vogt B.Eng.,Werneckering,59,47619,Recklinghausen,piepernathalie@example.net,(00042) 812158,MGN81964
Carlos,Schäfer B.Eng.,Fiebigplatz,89,85975,Olpe,pascaleehlert@example.com,05111 32004,MGN10944
Jane,Stey,Ferdi-Löchel-Gasse,6,38207,Hohenmölsen,gschueler@example.org,+49(0)3232211315,MGN01236
Prof.,Ilonka Lachmann B.Sc.,Kösterweg,23,44946,Brilon,gwilmsen@example.net,(05786) 87587,MGN25557
Lotti,Neureuther,Amalie-Kranz-Platz,6,62108,Waldmünchen,fmuehle@example.org,+49(0)7786 27057,MGN97567
Frau,Annerose Heser,Malgorzata-Stroh-Gasse,160,98976,Sondershausen,hladeck@example.com,(05551) 427725,MGN70096
Gerdi,Beer,Gisa-Stiebitz-Weg,72,86397,Sondershausen,marko49@example.com,02101 637482,MGN33725
Herr,Sandro Stey B.Sc.,Tatiana-Mans-Straße,8,34057,Wolmirstedt,sibylla98@example.org,+49(0)5872178167,MGN68802
Frau,Geza Täsche B.Sc.,Thiesring,4,32827,Roth,margarete57@example.net,+49 (0) 6665 232549,MGN37101
Prof.,Cindy Johann B.A.,Krokergasse,5,40737,Naila,georgpaertzelt@example.net,07659 516472,MGN26851
David,Biggen,Marica-Heser-Gasse,34,13314,Rothenburg ob der Tauber,arnd12@example.org,+49(0)4958 30691,MGN95835
Mia,Trommler,Steffi-Hörle-Weg,321,60740,Bergzabern,rudolf10@example.net,+49(0)8939448792,MGN01438
Ludger,Beier-Mentzel,Dobesstraße,6,17900,Gräfenhainichen,baptisttroest@example.net,+49 (0) 8188 079509,MGN72458
Larissa,Liebelt,Haufferweg,491,12298,Erding,schollvladimir@example.net,+49(0)9351 221215,MGN10742
Ekrem,Dietz,Janina-Wende-Platz,791,70586,Northeim,escheuermann@example.com,+49 (0) 9715 439223,MGN63278
Ing.,Hiltraud Henk B.A.,Ibrahim-Wilms-Allee,09,98609,Artern,hoerleanna-lena@example.com,02411696639,MGN37459
Meral,Davids,Killerplatz,7,92772,Görlitz,moechlichenslavica@example.org,09831 87103,MGN20495
Gislinde,Rust,Rena-Hecker-Platz,362,02811,Burgdorf,rustwenzel@example.net,+49(0)2527147739,MGN57596
Univ.Prof.,Gunda Adler,Marisa-Rogner-Allee,844,38460,Nürtingen,ering@example.org,(01753) 682828,MGN61108
Ignaz,Stroh,Cathrin-Preiß-Platz,0,14543,Hoyerswerda,elifgude@example.org,(08625) 770329,MGN74012
Dr.,Carsten Vollbrecht B.A.,Jacobi Jäckelgasse,19,28094,Augsburg,hoelzenbecherconstanze@example.com,+49(0)3415 119256,MGN74292
Laurenz,Reichmann,Tschentscherplatz,5/9,84904,Biedenkopf,cecilia82@example.net,+49 (0) 4462 900772,MGN78869
Esther,Keudel,Carina-Pechel-Straße,1/6,50008,Ravensburg,ilonka27@example.com,02296959789,MGN04172
Ing.,Sylvia Geisel B.A.,Krokerstraße,3/8,53010,Ribnitz-Damgarten,rittergiuseppina@example.net,0448967607,MGN47472
Goran,Hethur,Albrecht-Walter-Platz,4,64264,Bamberg,anatoli60@example.com,05134 43302,MGN59565
Ildiko,Stroh,Annika-Preiß-Weg,188,47646,Görlitz,thomas81@example.net,(01820) 009730,MGN06635
Ramon,Steckel,Nikolas-Conradi-Platz,2/0,86303,Berlin,schmidtwaldtraut@example.net,(08578) 888537,MGN28774
Herma,Schinke,Gutering,7,64608,Hansestadttralsund,mudetheres@example.org,+49(0)8382 122712,MGN37864
Sedat,Kreusel,Hamannstr.,71,02464,Sulzbach-Rosenberg,kohlkonstantin@example.com,01966 416654,MGN62097
Priska,Hörle,Haaseallee,3,55814,Schwäbisch Gmünd,jorgejacob@example.net,+49(0)7514833106,MGN28022
Arnim,Hein,Ellen-Dörr-Platz,82,74914,Freudenstadt,hertharose@example.net,+49(0)5386 84689,MGN98265
Ing.,Frieder Beer,Songül-Eigenwillig-Gasse,308,36665,Wetzlar,haeringilija@example.net,09939 261992,MGN62367
Cengiz,Drub,Mielcarekstraße,0/3,06669,Bayreuth,lothar18@example.com,+49(0) 143893098,MGN97736
Jonathan,Gotthard-Haering,Ralf-Peter-Nohlmans-Straße,187,98915,Mayen,bhoefig@example.net,+49(0)4471659789,MGN34849
Prof.,Ilse Barth,Siegmar-Schmiedecke-Straße,057,72870,Anklam,liliane78@example.org,(02679) 25598,MGN40048
Jeanette,Wesack,Gudering,0/0,31466,Schmölln,meyeriwan@example.org,09949 690860,MGN76182
Univ.Prof.,Hubertine Dehmel,Geraldine-Margraf-Gasse,801,54132,Heiligenstadt,oschottin@example.net,06897 26382,MGN13329
Oda,Otto,Dowergallee,9,42295,Celle,raisa56@example.net,0214293715,MGN77565
Prof.,Desiree Johann,Jüttnergasse,08,89299,Mallersdorf,stadelmanneitel@example.org,+49 (0) 4204 748072,MGN05027
Dr.,Mariechen Pieper B.Eng.,Jockelstraße,07,86521,Parchim,hschleich@example.org,(00786) 718770,MGN44132
Saskia,Scheel-Hartmann,Matthäus-Hoffmann-Allee,97,44689,Bad Liebenwerda,christian73@example.net,06568 721384,MGN08143
Ricardo,Pärtzelt B.Sc.,Ingeborg-Gehringer-Allee,5,26691,Rockenhausen,ingried53@example.com,(08648) 632599,MGN97084
Edith,Killer,Trommlerring,0/3,53708,Kronach,xdrub@example.org,+49(0)0608 224765,MGN24691
Hartwig,Biggen-Mitschke,Drubgasse,456,79024,Kusel,jungferandres@example.com,+49(0)1198312482,MGN83876
Christa-Maria,Höfig,Hubert-Mende-Platz,402,08993,Deggendorf,roehrichtdragan@example.org,+49(0)7037 918262,MGN49171
Sabri,Reising,Natalja-Schwital-Weg,2,91628,Bremervörde,anneliesebachmann@example.com,+49(0)5995432468,MGN95475
Dr.,Lissy Kaul B.Sc.,Igor-Seidel-Weg,99,59150,Freudenstadt,wschuster@example.com,07387 194677,MGN47809
Hans-Otto,Schmiedecke,Vlado-Trommler-Gasse,0,73233,Cloppenburg,krauseaenne@example.org,+49(0)2154 37109,MGN74900
Dino,Margraf,Zahnstr.,063,30758,Günzburg,klaus-guenterraedel@example.net,+49(0)6590 221642,MGN20877
Otfried,Rohleder-Weimer,Jörg-Kohl-Allee,360,67710,Füssen,roskothharold@example.net,09492 889542,MGN06309
Anita,Rust,Miesstr.,2/8,90513,Lippstadt,konstantinberger@example.com,08721 939203,MGN35244
Aleksandra,Eimer B.Sc.,Süßebierplatz,4/0,17166,Melle,riza04@example.net,(07409) 37810,MGN68600
Dipl.-Ing.,Guenter Zirme,Etzoldring,412,08679,Göttingen,siegwardeimer@example.net,(06597) 83842,MGN11923
Willfried,Hahn,Wirthring,2,54675,Erbisdorf,theres64@example.org,+49(0) 374101312,MGN55257
Heide-Marie,Franke B.Sc.,Sontagweg,7,20374,Witzenhausen,bolzmannkarlheinz@example.org,+49(0)6517 62969,MGN33488
Ismet,Seidel,Nikola-Fischer-Gasse,54,26805,Dieburg,sdoehn@example.com,+49(0)4182 302812,MGN04543
Herr,Miguel Ziegert,Klemmplatz,6/8,54575,Saarlouis,birteritter@example.org,05629 97043,MGN75439
Gülten,Speer B.Eng.,Else-Putz-Weg,29,89790,Ebern,nwarmer@example.net,(04877) 40369,MGN44031
Bernd-Dieter,Drubin B.A.,Hertrampfplatz,813,35046,Bad Brückenau,klararoemer@example.com,07156 460056,MGN66912
Florence,Mielcarek-Zänker,Nermin-Kroker-Ring,58,69832,Paderborn,mpaffrath@example.net,09144630763,MGN48732
Edit,Fiebig,Florentine-Förster-Gasse,7,24221,Pasewalk,vlindau@example.net,+49(0) 178786185,MGN85159
Kunigunda,Roht,Geißlerstraße,3,15264,Wiedenbrück,adina58@example.net,0070887618,MGN94991
Luisa,Karge,Zlatko-Plath-Weg,52,23952,Guben,ugraf@example.org,+49(0)5156 92717,MGN54986
Sylvia,Tschentscher,Nadeschda-Warmer-Platz,295,40075,Wolfenbüttel,xhettner@example.org,03865 28660,MGN05825
Dr.,Samira Riehl B.Sc.,Fechnerallee,883,25641,Stollberg,arminhoelzenbecher@example.com,+49(0) 599435722,MGN88961
Ekkehard,Hethur,Burkhard-Pruschke-Allee,140,67300,Plauen,langernkristin@example.com,(05301) 98209,MGN78689
Dipl.-Ing.,Rudi Sager B.Eng.,Binnerring,1/0,16366,Aschaffenburg,winklerbirgit@example.com,+49(0)2992 424133,MGN95802
Karl-Hermann,Pölitz,Blochallee,2,04020,Grevenbroich,hans-martinbinner@example.com,(07838) 804449,MGN37493
Herr,Sönke Junk,Vinko-Ackermann-Platz,70,92113,Kehl,freudenbergerswetlana@example.org,08595598424,MGN84923
Ludmila,Mangold,Aurelia-Vollbrecht-Ring,259,46110,Cloppenburg,mathilde65@example.net,02893 309137,MGN98388
Amanda,Linke-Mentzel,Jesselallee,7/1,56289,Dinslaken,krausesiegfried@example.org,(00515) 41297,MGN89962
Iwan,Koch,Tino-Seifert-Gasse,3,50859,Bayreuth,pbruder@example.com,(03186) 49276,MGN16412
Berndt,Wirth,Mary-Margraf-Ring,680,44240,Mühldorf am Inn,ogirschner@example.com,+49(0)9832248034,MGN44367
Christa,Klapp,Ilhan-Roskoth-Straße,66,12732,Kemnath,gottlieb91@example.com,+49(0)6224386143,MGN27582
Hans-Gerd,Sorgatz,Wagnerstr.,6,60589,Sangerhausen,utekitzmann@example.com,(08471) 804414,MGN41768
Mathias,Gorlitz,Ludmilla-Gehringer-Ring,488,67136,Marktheidenfeld,lschueler@example.com,+49(0)2032 75358,MGN68532
Susana,Naser MBA.,Monika-Thies-Ring,68,79258,Göppingen,otrubin@example.com,02112 538740,MGN47067
Katy,Bruder-Misicher,Hartungplatz,0/5,09388,Sebnitz,gehringerhans-h@example.com,(08302) 831963,MGN65089
Dipl.-Ing.,Georg Rosemann B.A.,Fechnerring,4,06310,Strausberg,mareenaustermuehle@example.com,(03773) 13759,MGN04385
Margit,Dussen van,Schleichring,0/7,61806,Erkelenz,speerluitgard@example.org,07318 35927,MGN78128
Artur,Heinz-Bolzmann,Ladeckweg,16,99647,Halberstadt,schleichelly@example.com,07205 024957,MGN56416
Verena,Dörschner,Ackermannstraße,772,70281,Bayreuth,anselmhertrampf@example.net,+49(0)6145 63103,MGN80378
Nevenka,Christoph,Putzallee,9,04825,Dieburg,frank-michaelheuser@example.com,05513 49704,MGN45841
Muharrem,Stahr,Paul-Heinz-Bachmann-Ring,112,04499,Lüdinghausen,gisaklemm@example.com,(00212) 77245,MGN06242
Agata,Lindau-Stumpf,Henckplatz,7/8,47389,Eisenach,wendelin41@example.org,04391 37920,MGN41487
Sami,Krein,Eitel-Hermann-Gasse,4/1,55613,Melle,ankebluemel@example.net,+49(0) 500097907,MGN62570
Nermin,Kraus,Schülerring,5/1,59401,Miesbach,bauernikolai@example.net,+49(0)2014 48102,MGN95284
Alla,Matthäi B.Sc.,Stephanie-Gorlitz-Platz,3,06838,Gardelegen,ksontag@example.org,(08830) 145889,MGN26907
Dr.,Stefani Steinberg B.Sc.,Donata-Täsche-Platz,805,60828,Demmin,nhaering@example.org,+49(0)8133 259896,MGN07333
Carolin,Neureuther B.A.,Bekir-Aumann-Ring,0,09648,Ebern,hans-erich92@example.net,03467856541,MGN01506
Univ.Prof.,Günther Butte B.Eng.,Ingetraut-Bolander-Gasse,160,47345,Eilenburg,zbenthin@example.com,+49 (0) 7086 650422,MGN66620
Anne-Katrin,Steinberg,Handestr.,4/8,47223,Augsburg,vinzenz98@example.net,+49(0) 516116489,MGN13857
Herr,Dittmar Butte,Ercan-Eberhardt-Allee,28,52824,Genthin,belindameyer@example.net,(02262) 79703,MGN30496
Birgitta,Stiffel,Haeringweg,93,33499,Amberg,marlenebert@example.com,06893 93613,MGN35176
Kathleen,Martin,Mälzerstraße,9,36613,Lübben,margrafhalina@example.com,0796639146,MGN69623
Gerti,Schleich-Vollbrecht,Tomasz-Lorch-Gasse,6,62853,Teterow,epaertzelt@example.com,+49(0)3717361229,MGN31341
Janna,Thanel B.Eng.,Lehmannstr.,3,20437,Kyritz,gusti65@example.net,04221 60261,MGN28459
Pirmin,Lachmann,Täscheweg,07,25711,Demmin,wsager@example.com,+49(0)4382 221728,MGN02776
Vladimir,Fiebig B.A.,Katrin-Stumpf-Platz,21,58640,Koblenz,drewesanette@example.net,06966 466048,MGN39316
Ana,Barth,Eva-Carsten-Straße,39,09481,Apolda,stanislav78@example.org,(05306) 905806,MGN58373
Moritz,Sauer B.A.,Andres-Weinhage-Allee,382,78889,Badalzungen,volkhard11@example.com,(05789) 06828,MGN40891
Verena,Hethur MBA.,Bohlanderstraße,8/9,69757,Burg,sklapp@example.org,+49(0)1330 625699,MGN98681
Gerolf,Tschentscher-Dehmel,Margot-Drewes-Straße,89,93617,Strausberg,sibylle58@example.net,(02006) 827445,MGN21003
Thekla,Mälzer,Schaafallee,3/6,59265,Bad Brückenau,gnatzjulian@example.com,0636212907,MGN97949
Dr.,Eggert Blümel,Freudenbergergasse,174,49176,Wunsiedel,aliciaaustermuehle@example.net,(05414) 82807,MGN18122
Univ.Prof.,Friedl Killer MBA.,Mentzelgasse,6,91703,Sankt Goarshausen,fbaehr@example.net,(00476) 69174,MGN71367
Univ.Prof.,Florentine Lange B.A.,Evi-Flantz-Allee,5/9,47714,Teterow,jkensy@example.org,+49 (0) 0477 353455,MGN81469
Freya,Budig,Wielochallee,070,02717,Jessen,laszlotrapp@example.com,(04679) 13149,MGN06365
Otmar,Hiller,Heckerstr.,4,96628,Ludwigslust,irosemann@example.com,07488 586963,MGN40262
Gerhardt,Eckbauer-Klapp,Schäferstraße,8,63606,Eisenach,zweitzel@example.com,02998054125,MGN50061
Ursel,Hellwig,Steuerallee,6,61595,Halberstadt,hschmidtke@example.org,0643499546,MGN29977
Hannah,Hamann B.Eng.,Schomberweg,41,53880,Herford,hessecorina@example.org,+49(0) 564010641,MGN66989
Türkan,Mentzel,Dagmar-Mälzer-Allee,6,93596,Gießen,franzebert@example.net,+49(0)8201939897,MGN23847
Rene,Steckel,Adlerstraße,0,07033,Pößneck,gretadrewes@example.com,07260 08896,MGN71783
Dipl.-Ing.,Clara Franke B.A.,Gröttnerring,1,19688,Eichstätt,rhofmann@example.com,01549 250929,MGN60332
Gottlob,Kohl-Schaaf,Jacobi Jäckelplatz,2,09791,Wunsiedel,scheibeadriane@example.com,+49(0)8191 785184,MGN21339
Otmar,Trapp B.Sc.,Heinrich-Zirme-Straße,6,45551,Pfaffenhofen an der Ilm,mhaering@example.org,(01315) 388309,MGN03395
Frau,Rosemarie Noack,Trubring,593,68102,Bad Freienwalde,guiseppepruschke@example.org,08209 85935,MGN88488
Heiner,Naser MBA.,Esther-Huhn-Platz,3/9,69618,Görlitz,kitzmannleander@example.com,08647553224,MGN61748
Edelgard,Müller,Ebertplatz,7,96166,Aachen,hanneloreroht@example.org,+49(0)1886 70953,MGN64707
Frau,Therese Scholz B.A.,Thiesstraße,691,18592,Zeulenroda,moechlichenelisabet@example.org,+49(0) 284413923,MGN40712
Johannes,Rudolph MBA.,Beata-Junken-Platz,7,58680,Sternberg,iheinrich@example.net,(07156) 94710,MGN81234
Leni,Schwital,Urs-Hölzenbecher-Platz,3,28100,Kamenz,bgute@example.com,(08185) 49294,MGN38821
Frau,Henriette Börner B.Eng.,Kästergasse,67,71259,Germersheim,solveignette@example.net,+49 (0) 7035 289120,MGN89041
Heike,Krein-Killer,Bernt-Hamann-Platz,021,45631,Wertingen,thoralftrueb@example.org,+49(0)1956 498565,MGN87870
Dipl.-Ing.,Lucie Hübel,Isa-Flantz-Weg,98,00538,Recklinghausen,muharremsaeuberlich@example.net,+49(0)0139 40022,MGN39912
Frau,Dana Fröhlich B.Eng.,Geza-Tlustek-Straße,114,42110,Eilenburg,theodorosschaaf@example.org,08678 991472,MGN34243
Sigfried,Jäkel,Krebsstr.,11,21724,Haldensleben,wlehmann@example.net,0865513242,MGN77329
Prof.,Christos Buchholz B.Eng.,Catherine-Oderwald-Ring,63,51655,Riesa,ernst90@example.net,09938742392,MGN13239
Prof.,Harro Pruschke B.Eng.,Liebeltgasse,00,28557,Rockenhausen,hans-theo47@example.com,(05936) 99375,MGN53750
Ing.,Rouven Koch B.A.,Edwin-Mitschke-Ring,6,96427,Iserlohn,annerosehoefig@example.net,0238185231,MGN64516
Freddy,Mende MBA.,Blümelweg,9/6,09329,Pinneberg,oscar85@example.org,+49(0)0919204580,MGN96421
Elwira,Haering-Stumpf,Gröttnerring,6/5,13969,Genthin,hdrub@example.net,07656703555,MGN23588
Therese,Pärtzelt B.Sc.,Diedrich-Geisler-Weg,40,14129,Wunsiedel,lheidrich@example.com,0850337381,MGN42589
Inge,Schomber,Johannallee,9/7,56604,Kaiserslautern,boernermicha@example.net,+49(0)0476 775045,MGN91279
Dipl.-Ing.,Niko Dörr MBA.,Nuran-Jopich-Allee,93,41244,Waldmünchen,monique83@example.com,(08138) 95118,MGN64819
Flora,Hande-Preiß,Bärerallee,495,51682,Erfurt,gwagner@example.com,0429929502,MGN47821
Ben,Mühle B.Eng.,Henrike-Junken-Allee,258,29964,Roding,gertgroettner@example.com,07306 971531,MGN19561
Suse,Dobes,Anatol-Hornich-Weg,54,94388,Königs Wusterhausen,preisszenta@example.org,+49 (0) 9696 370747,MGN60703
Frau,Anne-Katrin Stiffel B.Sc.,Marietta-Steinberg-Allee,67,17248,Lübz,beckmannedith@example.net,+49(0)5896 439531,MGN09795
Univ.Prof.,Janko Scholz B.A.,Drubstr.,4,66466,Uffenheim,hellabauer@example.org,03101851108,MGN84901
Robby,Weihmann B.Sc.,Nermin-Albers-Weg,763,04934,Gardelegen,junitzheinz-willi@example.org,+49(0)0673508900,MGN82516
Dipl.-Ing.,Ewa Jacob,Hermighausenweg,2,41488,Böblingen,jkranz@example.org,+49(0)9618 335053,MGN26772
Wilfriede,Butte B.Sc.,Beierstraße,64,52193,Illertissen,kkabus@example.org,+49(0)4137 05117,MGN27447
Dipl.-Ing.,Gönül Kruschwitz B.A.,Kunigunde-Kade-Gasse,1,36856,Diepholz,frankeernestine@example.net,+49(0)4688 327138,MGN48170
Tina,Radisch B.Sc.,Gudegasse,18,20896,Badibling,phermann@example.net,(00169) 632033,MGN92359
Mato,Römer-Finke,Annika-Förster-Ring,29,28555,Neustadtner Waldnaab,nada10@example.org,05369 019207,MGN97466
Irmhild,Sager,Lachmannstr.,7/4,33954,Genthin,wwarmer@example.net,+49(0) 445588064,MGN59790
Ing.,Hilde Schmidt,Henckring,72,26960,Steinfurt,louisevogt@example.com,(02152) 12605,MGN44389
Mark,Peukert,Frankeallee,84,87390,Herford,losekannhansjoerg@example.com,03669 999679,MGN00987
Zofia,Etzler,Niemeierallee,8/0,85499,Einbeck,karlheinzring@example.net,0696631459,MGN88433
Milka,Stey B.Eng.,Casparstr.,1,20418,Lörrach,davidsdennis@example.com,09647 47960,MGN21407
Prof.,Magda Gude,Mirja-Scholtz-Gasse,9,60165,Wolfach,wilhelmineaumann@example.org,+49 (0) 9585 531709,MGN25591
Ing.,Zenta Wohlgemut MBA.,Rennerweg,0,88183,Eisenach,vnaser@example.net,0628696612,MGN92584
Dipl.-Ing.,Sybille Heuser MBA.,Warmergasse,9,33289,Mainburg,drewesayten@example.org,+49(0) 961135339,MGN33747
Daniel,Hamann,Ismail-Drewes-Allee,6,17045,Heiligenstadt,pieperhubertus@example.net,(04893) 81339,MGN72380
Franziska,Hörle,Rohlederplatz,384,63052,Borna,klemmvittorio@example.com,+49(0) 161288230,MGN14319
Miroslaw,Kreusel,Schülerallee,44,98150,Auerbach,aspiess@example.com,(06669) 60525,MGN83214
Prof.,Jakob Knappe B.A.,Ortrud-Gorlitz-Ring,1/2,18195,Schwabmünchen,awirth@example.org,05657090414,MGN53042
Dipl.-Ing.,Kathrin Tintzmann MBA.,Schleichstraße,7,95430,Ahaus,annalieserosemann@example.org,09901 98519,MGN93439
Herr,Tomislav Losekann,Josef-Franke-Platz,3,93434,Mallersdorf,editradisch@example.com,+49(0)7327 15066,MGN52085
Prof.,Lutz Mude,Sieglinde-Kensy-Gasse,171,85447,Karlsruhe,christltrapp@example.net,+49(0) 058109404,MGN33781
Hildegund,Oestrovsky-Krause,Kösterstr.,80,65788,Uelzen,hans-georgackermann@example.net,(01595) 178589,MGN89029
Hans-Jürgen,Eberth B.Eng.,Gregor-Junitz-Weg,63,68979,Reutlingen,dragan39@example.org,+49(0)6874521039,MGN98939
Sylvia,Briemer,Hornigstraße,4,87989,Stade,heimo78@example.net,0721206911,MGN58429
Cynthia,Mohaupt,Petros-Herrmann-Allee,7,21437,Burglengenfeld,heinz-georghofmann@example.com,(08895) 210795,MGN01012
Dipl.-Ing.,Lieselotte Kade,Wernerstraße,2,08114,Höxter,halil47@example.com,00787 38385,MGN12564
Melita,Mosemann,Hartwig-Stroh-Platz,988,56139,Koblenz,friedemannschuchhardt@example.com,+49(0)0883 302695,MGN10865
Joanna,Säuberlich,Isolde-Heinrich-Platz,265,72388,Gera,ladislausschinke@example.org,0010652930,MGN16973
Vinzenz,Bruder B.A.,Ottilie-Kusch-Allee,4/7,12273,Geldern,hans-martinjunitz@example.com,0598271426,MGN74023
Egon,Pergande MBA.,Dorothee-Oestrovsky-Platz,544,95646,Sangerhausen,mwernecke@example.org,+49(0)9827628413,MGN32869
Prof.,Roland Jungfer,Manuel-Segebahn-Gasse,9/9,89548,Kronach,finkeingried@example.org,(03202) 389365,MGN75192
Roderich,Heidrich B.A.,Arnfried-Herrmann-Weg,944,25696,Sonneberg,philippeanders@example.org,01018614530,MGN84068
Thorben,Bachmann,Antonios-Liebelt-Gasse,041,63957,Lüdinghausen,nikolailachmann@example.org,(07208) 40654,MGN00538
Elsa,Möchlichen,Scholtzplatz,9/5,42229,Gräfenhainichen,cindyhaering@example.com,+49 (0) 3226 935729,MGN82235
Herr,Hans-Detlef Lachmann B.A.,Sieringstr.,67,84455,Bautzen,kordulaspiess@example.net,+49(0)9774 622329,MGN62479
Dipl.-Ing.,Viktoria Säuberlich,Heinstr.,5/4,49436,Teterow,dietzerkan@example.com,+49(0)1446698071,MGN66608
Frithjof,Thanel,Ottomar-Hermann-Ring,74,51342,Wertingen,ditschlerinalice@example.net,0919424076,MGN13565
Werner,Klapp,Fliegnergasse,15,73264,Vechta,ianroht@example.net,04798135910,MGN85980
Prof.,Ella Karge,Kreinstraße,7,99357,Weißwasser,schaafjoerg-peter@example.org,0495538417,MGN55820
Magrit,Stoll,Stilla-Mosemann-Gasse,8/6,72407,Aurich,hettnerhans-werner@example.com,+49(0)6087378651,MGN41960
Sabine,Heidrich B.Eng.,Sebastiano-Scholl-Allee,3/4,17192,Wismar,justinekallert@example.net,+49(0) 292872090,MGN52096
Alfonso,Eckbauer,Hartmuth-Schüler-Weg,9/5,54577,Burglengenfeld,claudia12@example.com,0927351520,MGN60680
Lore,Thies B.Sc.,Nadja-Werner-Ring,094,67211,Neuss,grafmartina@example.org,+49 (0) 0168 393988,MGN46280
Claas,Trubin,Michaele-Bonbach-Straße,5,56736,Koblenz,joern88@example.net,+49(0)3813 54351,MGN39462
Gerald,Sauer,Miesallee,41,93626,Rothenburg ob der Tauber,wulf28@example.com,(05765) 62647,MGN92461
Dana,Jopich,Jockelstraße,50,12650,Angermünde,agnes98@example.com,02143821062,MGN64897
Leopoldine,Heinz-Seip,Luise-Gute-Allee,3,01730,Hannoversch Münden,jerzyjuncken@example.com,+49(0)1439 465480,MGN26884
Prof.,Johanne Ziegert MBA.,Tröstweg,59,15710,Gütersloh,kochjaroslav@example.net,+49(0)0620 464496,MGN33017
Dipl.-Ing.,Lucie Schweitzer B.Eng.,Schmiedtgasse,4/6,74542,Gräfenhainichen,nmende@example.net,04065 469768,MGN16748
Boris,Eberth,Martine-Reichmann-Straße,7/6,22143,Miltenberg,rognerevamaria@example.com,(00142) 66916,MGN90403
Prof.,Hartmuth Junk,Kargeallee,79,27828,Diepholz,guenther69@example.org,+49(0) 199016813,MGN45357
Philip,Karz B.A.,Hofmannweg,9/8,35666,Aschaffenburg,ivanka63@example.com,0773945778,MGN02394
Angelika,Lange,Haaseplatz,2,31361,Hechingen,michelschuchhardt@example.com,0467740805,MGN23724
Prof.,Oswald Textor B.Eng.,Anne-Katrin-Kruschwitz-Ring,4/7,50517,Borna,kamilhentschel@example.net,03618 85970,MGN02383
Annika,Wulff-Täsche,Gloria-Preiß-Allee,0/4,54093,Herzberg,margretreuter@example.net,+49(0)2964834460,MGN13824
Hans-Friedrich,Bender,Hornigallee,10,44637,Saarlouis,oanders@example.net,+49 (0) 3710 400824,MGN24365
Christiane,Sontag,Scheibestr.,4/8,97679,Neustadt am Rübenberge,hpergande@example.org,+49(0)3083418514,MGN30407
Denis,Heintze,Hubertine-Steckel-Allee,4/3,66118,Gera,grein-grothmareen@example.net,+49 (0) 0259 011918,MGN65539
Dipl.-Ing.,Tino Köhler B.Eng.,Hannchen-Wiek-Platz,749,72984,Stendal,ernsthans-herbert@example.net,+49 (0) 6087 457703,MGN72683
Baptist,Scheibe,Joanna-Klotz-Allee,7/7,41637,Miesbach,lehmanngunther@example.com,(03320) 174578,MGN39664
Marie-Theres,Schenk,Rosestr.,78,49012,Höxter,schottinstilla@example.com,04244418851,MGN01584
Eveline,Margraf,Junitzstr.,628,31303,Geldern,hans-guenter73@example.net,(08059) 99235,MGN15040
Alexander,Mies,Wesackring,3/7,04413,Gelnhausen,obarkholz@example.net,00580 303320,MGN11484
Frau,Bianka Schmidtke B.Eng.,Günter-Sontag-Platz,585,29360,Zeulenroda,maximilian43@example.org,+49(0)8184 25844,MGN98276
Franka,Kreusel,Ramona-Beier-Weg,261,52439,Sigmaringen,ferdinand09@example.com,+49(0) 704953461,MGN58452
Franz,Kusch B.Eng.,Klara-Höfig-Ring,69,63234,Aschaffenburg,ivankamatthaei@example.net,00641 58672,MGN10113
Ferenc,Herrmann B.Eng.,Friedericke-Linke-Platz,4,89023,Kötzting,augustin07@example.com,03800964619,MGN39057
Sibilla,Langern,Krausstraße,0,97082,Wittenberg,trubinedeltraut@example.net,+49(0)1164019151,MGN34243
Caren,Dippel-Fröhlich,Junckenallee,164,90594,Königs Wusterhausen,thahn@example.org,(09584) 78460,MGN31712
Gülsen,Pechel,Süßebiergasse,6,97100,Wurzen,xjungfer@example.org,(05395) 490280,MGN12250
Heiner,Siering,Gorlitzring,62,93321,Oschatz,driehl@example.com,+49(0)6831592393,MGN69735
Prof.,Paolo Junck,Juliana-Bohlander-Ring,214,72514,Ansbach,kilianhahn@example.com,+49(0)2711 379829,MGN54166
Jenny,Oestrovsky,Gehringergasse,8,79988,Neunburg vorm Wald,handebernward@example.com,+49(0)0296 565489,MGN38809
Thorsten,Schweitzer,Barkholzstr.,5/1,57462,Gera,korneliaschweitzer@example.org,+49(0)5750 033345,MGN35288
Katharina,Junitz,Jüttnerplatz,3,33475,Kamenz,valentinwende@example.net,(01670) 43054,MGN73178
Herr,Stanislaw Schlosser MBA.,Viola-Vogt-Platz,7/0,28568,Tirschenreuth,gehringerreimar@example.com,+49(0)8637264560,MGN78566
Svea,Atzler,Rose-Lindner-Weg,5,19478,Backnang,weimerlutz@example.net,+49 (0) 2162 721324,MGN33769
Rose-Marie,Tschentscher,Erol-Bärer-Straße,098,96794,Wurzen,bohlandervolkmar@example.net,+49(0)6849 854303,MGN27199
Frau,Katja Bender MBA.,Killerallee,3/7,55110,Holzminden,sibylle13@example.org,+49 (0) 1075 231043,MGN38225
Univ.Prof.,Gabriella Wernecke B.Sc.,Hermann-Josef-Schmiedt-Gasse,19,62502,Eisleben,alexei11@example.net,(06237) 39606,MGN64684
Claudia,Schmidtke,Jana-Steinberg-Ring,714,92824,Weißenfels,hoerleandre@example.com,02638 59985,MGN94463
